[{"params": {"N": 100000.0, "dt": 0.0005, "lambda": 1, "beta": 1, "sim_params": [[0.0, 0.0, 0.0, 0.0], [1.0, 4.0, 1.0, 4.0], [0.0, 0.0, 0.0, 0.0]], "target_work": null, "comment": "longer dt and N = 100,000"}, "initial_parameter_dict": {"U0_1": 15.697209423173168, "U0_2": 15.697209423173168, "gamma_1": 20, "gamma_2": 20, "beta_1": 6.07706979287205, "beta_2": 6.07706979287205, "d_beta_1": 0, "d_beta_2": 0, "phi_1_x": 0, "phi_2_x": 0, "phi_1_dcx": 0, "phi_2_dcx": 0, "M_12": 0, "x_c": 3.291059784019349e-16}, "protocol_list_item": [{"duration": 50, "phi_2_dcx": 3, "name": "mix in y direction"}, {"duration": 100, "name": "fix"}, {"duration": 50, "M_12": -0.9, "name": "conditional tilt"}, {"duration": 100, "name": "fix"}, {"duration": 50, "phi_2_dcx": 0, "name": "raise the barrier"}, {"duration": 100, "name": "fix"}, {"duration": 50, "M_12": 0, "name": "4 well potential (constant)"}, {"duration": 100, "name": "fix"}, {"duration": 50, "phi_1_dcx": 3, "name": "mix in x direction"}, {"duration": 200, "name": "fix"}, {"duration": 50, "phi_1_dcx": 0, "M_12": 0, "name": "4 well potential "}, {"duration": 100, "name": "4 well potential (constant)"}], "jarzynski_term": 0.5232501094772779, "fidelity": [{"initial": {"location": "00", "count": 2584}, "final": [{"location": "00", "count": 1340}, {"location": "10", "count": 1236}]}, {"initial": {"location": "01", "count": 2447}, "final": [{"location": "00", "count": 1290}, {"location": "10", "count": 1142}]}, {"initial": {"location": "10", "count": 2498}, "final": [{"location": "01", "count": 1189}, {"location": "11", "count": 1300}]}, {"initial": {"location": "11", "count": 2471}, "final": [{"location": "01", "count": 1186}, {"location": "11", "count": 1279}]}], "sim_params": [[0.0, 0.0, 0.0, 0.0], [1.0, 4.0, 1.0, 4.0], [0.0, 0.0, 0.0, 0.0]], "simulation_data": {"simulation_time": 15117.578461885452, "simulation_date": "2023-09-26", "simulation_id": "6d5f7a268a45ac832b73a1dea77a5412ae6442db74357d3df042f1a939fbbe61"}}]